TenPhim,TheLoai,QuocGia,ThangKhoiChieu,SoSuatChieu,SoVeBanRa,TongDoanhThu,DoanhThu_3NgayDau,SoVe_3NgayDau,TongDoanhThu_TyVND,DoanhThu_3NgayDau_TyVND
Phim_NgauNhien_0,Hài,Hàn Quốc,9,11641,261723,25362790761,5163897452,53287,25.362790761,5.163897452
Phim_NgauNhien_1,Hoạt hình,Mỹ,11,49165,2666111,232068965884,49367609178,567156,232.068965884,49.367609178
Phim_NgauNhien_2,Viễn tưởng,Thái Lan,12,12004,273603,22050212976,4539539787,56327,22.050212976,4.539539787
Phim_NgauNhien_3,Giật gân,Mỹ,1,31370,1643396,129982763224,50850482544,642912,129.982763224,50.850482544
Phim_NgauNhien_4,Hành động,Mỹ,7,58862,2670842,199242142358,62937201643,843673,199.242142358,62.937201643
Phim_NgauNhien_5,Giật gân,Việt Nam,11,6141,191400,17299497600,5279158278,58408,17.2994976,5.279158278
Phim_NgauNhien_6,Giật gân,Thái Lan,2,20473,238209,20620800294,6198958794,71609,20.620800294,6.198958794
Phim_NgauNhien_7,Viễn tưởng,Mỹ,2,67232,2343801,168338819223,61356886101,854279,168.338819223,61.356886101
Phim_NgauNhien_8,Kinh dị,Mỹ,12,78169,2833994,242453854688,89131627467,1041841,242.453854688,89.131627467
Phim_NgauNhien_9,Hài,Thái Lan,2,4113,115131,9736168146,3144739940,37186,9.736168146,3.14473994
Mắt Biếc,Tình cảm,Việt Nam,7,91002,5577744,444791617536,109007863259,1366972,444.791617536,109.007863259
Phim_NgauNhien_11,Giật gân,Mỹ,11,39218,1100162,94847166344,21776608677,252593,94.847166344,21.776608677
Phim_NgauNhien_12,Hoạt hình,Việt Nam,12,6742,211945,15247111355,3872002743,53823,15.247111355,3.872002743
Phim_NgauNhien_13,Kinh dị,Mỹ,6,34573,2229791,219409204609,87543455090,889678,219.409204609,87.54345509
Phim_NgauNhien_14,Giật gân,Hàn Quốc,7,9980,291579,23351978952,6262140000,78190,23.351978952,6.26214
Phim_NgauNhien_15,Tình cảm,Việt Nam,12,9870,209275,19270669825,4913273240,53357,19.270669825,4.91327324
Phim_NgauNhien_16,Hài,Hàn Quốc,3,2987,30331,2915476382,718342532,7473,2.915476382,0.718342532
Phim_NgauNhien_17,Kinh dị,Mỹ,10,70861,3382036,334192505304,80216243373,811790,334.192505304,80.216243373
Phim_NgauNhien_18,Hài,Nhật Bản,12,16958,406472,35073655936,12188556649,141254,35.073655936,12.188556649
Phim_NgauNhien_19,Hành động,Thái Lan,4,22746,188621,14959908752,5507854170,69445,14.959908752,5.50785417
Phim_NgauNhien_20,Hoạt hình,Hàn Quốc,2,3337,43927,4288329448,1338115104,13706,4.288329448,1.338115104
Phim_NgauNhien_21,Giật gân,Hàn Quốc,12,4222,51789,3940780377,1395651502,18341,3.940780377,1.395651502
Phim_NgauNhien_22,Viễn tưởng,Hàn Quốc,2,17400,483361,45850657738,18020498243,189973,45.850657738,18.020498243
Phim_NgauNhien_23,Hành động,Việt Nam,8,20177,302114,26562164994,8840886793,100554,26.562164994,8.840886793
Phim_NgauNhien_24,Tình cảm,Mỹ,12,40792,2836349,228473584648,53327649626,662027,228.473584648,53.327649626
Phim_NgauNhien_25,Giật gân,Thái Lan,10,7179,101367,7747479810,1644556961,21517,7.74747981,1.644556961
Phim_NgauNhien_26,Kinh dị,Nhật Bản,3,4658,32328,2331495360,609132772,8446,2.33149536,0.609132772
Phim_NgauNhien_27,Tình cảm,Việt Nam,11,25961,944185,76788677680,15743859082,193584,76.78867768,15.743859082
Phim_NgauNhien_28,Hài,Mỹ,5,57574,2449057,201258606146,55891853602,680131,201.258606146,55.891853602
Phim_NgauNhien_29,Giật gân,Nhật Bản,1,13293,347101,30641729179,10028610505,113601,30.641729179,10.028610505
Phim_NgauNhien_30,Hoạt hình,Thái Lan,3,11046,76515,6105437910,2068706227,25925,6.10543791,2.068706227
Phim_NgauNhien_31,Kinh dị,Việt Nam,5,16431,372241,30373004395,11433969479,140130,30.373004395,11.433969479
Phim_NgauNhien_32,Hoạt hình,Hàn Quốc,3,8236,127328,10634179904,2674885219,32027,10.634179904,2.674885219
Phim_NgauNhien_33,Viễn tưởng,Mỹ,12,52840,1298870,114368101240,34506669780,391889,114.36810124,34.50666978
Lật Mặt 7,Gia đình,Việt Nam,4,92560,5933378,588763165562,146235686071,1473719,588.763165562,146.235686071
Phim_NgauNhien_35,Kinh dị,Nhật Bản,8,19153,383960,30681475680,11783510252,147463,30.68147568,11.783510252
Phim_NgauNhien_36,Hoạt hình,Việt Nam,10,12999,202563,14603982048,4191869757,58142,14.603982048,4.191869757
Phim_NgauNhien_37,Hoạt hình,Mỹ,6,78135,3124157,235089690093,93760320886,1246000,235.089690093,93.760320886
Phim_NgauNhien_38,Giật gân,Mỹ,12,27541,1047679,78289908633,22001072314,294419,78.289908633,22.001072314
Phim_NgauNhien_39,Hành động,Mỹ,2,60142,2799471,245902733169,62984700603,717047,245.902733169,62.984700603
Phim_NgauNhien_40,Viễn tưởng,Thái Lan,6,14023,279845,19774127545,6178611300,87440,19.774127545,6.1786113
Phim_NgauNhien_41,Hoạt hình,Mỹ,1,39266,2169317,212013858361,54724489621,559938,212.013858361,54.724489621
Phim_NgauNhien_42,Hành động,Thái Lan,8,8142,63247,4983041389,1014547315,12877,4.983041389,1.014547315
Phim_NgauNhien_43,Viễn tưởng,Mỹ,11,30634,1169455,103776267245,26276550986,296110,103.776267245,26.276550986
Phim_NgauNhien_44,Tình cảm,Mỹ,7,64671,3347537,320580228342,113653559745,1186784,320.580228342,113.653559745
Phim_NgauNhien_45,Tình cảm,Mỹ,8,63596,2323922,227725764624,69341631815,707625,227.725764624,69.341631815
Mai,Tình cảm,Việt Nam,4,102241,9070016,861379419520,341855892686,3599619,861.37941952,341.855892686
Tiệc Trăng Máu,Hài,Việt Nam,1,85401,5313611,425460832770,136807111364,1708593,425.46083277,136.807111364
Phim_NgauNhien_48,Gia đình,Nhật Bản,4,4479,160051,14173316305,3922700428,44296,14.173316305,3.922700428
Phim_NgauNhien_49,Hoạt hình,Mỹ,12,76723,4044023,370003840362,87633547674,957806,370.003840362,87.633547674
Phim_NgauNhien_50,Tình cảm,Mỹ,6,85678,2989674,233433745920,49798516284,637788,233.43374592,49.798516284
Phim_NgauNhien_51,Tình cảm,Việt Nam,1,29536,1139622,109315961106,36085453418,376191,109.315961106,36.085453418
Phim_NgauNhien_52,Tình cảm,Mỹ,1,40232,1817630,160551257900,48527435297,549387,160.5512579,48.527435297
Phim_NgauNhien_53,Tình cảm,Thái Lan,7,10010,178212,14600730948,4143083904,50569,14.600730948,4.143083904
Phim_NgauNhien_54,Hoạt hình,Mỹ,10,33767,955058,95270855732,24825979286,248872,95.270855732,24.825979286
Phim_NgauNhien_55,Giật gân,Mỹ,11,48226,2824148,266382111804,58566888456,620918,266.382111804,58.566888456
Phim_NgauNhien_56,Viễn tưởng,Mỹ,1,43747,1728961,138500149866,37216665422,464592,138.500149866,37.216665422
Quật Mộ Trùng Ma,Kinh dị,Hàn Quốc,2,77830,4231630,395564309140,79458052576,850018,395.56430914,79.458052576
Phim_NgauNhien_58,Gia đình,Mỹ,8,28461,853313,83664779711,29439933609,300263,83.664779711,29.439933609
Phim_NgauNhien_59,Gia đình,Mỹ,10,42357,2296100,224308305100,45404626942,464777,224.3083051,45.404626942
Phim_NgauNhien_60,Tình cảm,Hàn Quốc,11,7347,42908,3116965844,1009709566,13899,3.116965844,1.009709566
Phim_NgauNhien_61,Giật gân,Việt Nam,1,25104,588265,53808599550,12796110327,139894,53.80859955,12.796110327
Phim_NgauNhien_62,Hành động,Việt Nam,2,18883,402274,32657407868,8178989148,100748,32.657407868,8.178989148
Phim_NgauNhien_63,Hoạt hình,Nhật Bản,2,7330,61930,5285663570,1684306981,19734,5.28566357,1.684306981
Phim_NgauNhien_64,Kinh dị,Mỹ,10,64716,3100559,223525499428,87403620629,1212390,223.525499428,87.403620629
Phim_NgauNhien_65,Hoạt hình,Mỹ,4,69999,3205215,301402392525,97942748716,1041556,301.402392525,97.942748716
Phim_NgauNhien_66,Tình cảm,Nhật Bản,3,12595,105004,9420433860,1977993477,22047,9.42043386,1.977993477
Phim_NgauNhien_67,Hành động,Mỹ,1,95194,2890202,288973956768,111125350649,1111431,288.973956768,111.125350649
Phim_NgauNhien_68,Giật gân,Việt Nam,2,20204,829389,63326338317,19591391390,256589,63.326338317,19.59139139
Phim_NgauNhien_69,Gia đình,Hàn Quốc,4,10998,217938,18353648670,6417140010,76199,18.35364867,6.41714001
Phim_NgauNhien_70,Kinh dị,Hàn Quốc,3,15467,301322,27584221168,7894522562,86237,27.584221168,7.894522562
Phim_NgauNhien_71,Viễn tưởng,Thái Lan,4,19267,318267,29635749972,6392896533,68655,29.635749972,6.392896533
Phim_NgauNhien_72,Kinh dị,Thái Lan,10,18013,496982,46692452864,16492379266,175540,46.692452864,16.492379266
Phim_NgauNhien_73,Viễn tưởng,Việt Nam,11,20577,436827,42835692447,12826503546,130801,42.835692447,12.826503546
Phim_NgauNhien_74,Hành động,Việt Nam,12,16257,450836,34798227496,8185207553,106045,34.798227496,8.185207553
Phim_NgauNhien_75,Hài,Thái Lan,4,15421,446675,37294235775,9138756325,109455,37.294235775,9.138756325
Phim_NgauNhien_76,Giật gân,Việt Nam,12,22443,563888,50796722704,16054014860,178213,50.796722704,16.05401486
Phim_NgauNhien_77,Tình cảm,Mỹ,1,60818,2473618,237462380764,48528923303,505520,237.462380764,48.528923303
Phim_NgauNhien_78,Hoạt hình,Thái Lan,8,14323,102287,8452997680,2697775440,32644,8.45299768,2.69777544
Phim_NgauNhien_79,Gia đình,Nhật Bản,2,9481,96478,7227842326,2644425237,35298,7.227842326,2.644425237
Phim_NgauNhien_80,Tình cảm,Mỹ,11,39810,1670635,132148899135,47791258475,604180,132.148899135,47.791258475
Phim_NgauNhien_81,Tình cảm,Mỹ,12,94072,2357189,221061898798,65276792731,696048,221.061898798,65.276792731
Phim_NgauNhien_82,Kinh dị,Thái Lan,1,7777,77879,5961481692,1215179219,15874,5.961481692,1.215179219
Phim_NgauNhien_83,Tình cảm,Mỹ,9,33686,1391468,115594812632,43296125838,521175,115.594812632,43.296125838
Phim_NgauNhien_84,Giật gân,Hàn Quốc,12,13156,339544,33274972456,7112278013,72575,33.274972456,7.112278013
Phim_NgauNhien_85,Hoạt hình,Mỹ,12,42231,2386981,215561093167,62724781258,694572,215.561093167,62.724781258
Phim_NgauNhien_86,Hoạt hình,Mỹ,12,40407,1187586,110051219448,35251866777,380410,110.051219448,35.251866777
Phim_NgauNhien_87,Hoạt hình,Nhật Bản,11,8710,183492,14326688376,5487379724,70280,14.326688376,5.487379724
Phim_NgauNhien_88,Tình cảm,Việt Nam,3,11439,395793,35776520856,10175087673,112566,35.776520856,10.175087673
Phim_NgauNhien_89,Viễn tưởng,Việt Nam,7,15619,547401,46568497872,17631673438,207255,46.568497872,17.631673438
Phim_NgauNhien_90,Tình cảm,Hàn Quốc,12,15994,266484,20021475888,6161391640,82007,20.021475888,6.16139164
Phim_NgauNhien_91,Viễn tưởng,Nhật Bản,8,5807,78450,6460749750,2558597735,31067,6.46074975,2.558597735
Phim_NgauNhien_92,Hài,Hàn Quốc,1,10044,290217,25345231044,8379958575,95955,25.345231044,8.379958575
Phim_NgauNhien_93,Kinh dị,Việt Nam,4,21684,346707,32574162771,7978165654,84916,32.574162771,7.978165654
Phim_NgauNhien_94,Giật gân,Hàn Quốc,12,9718,168906,12360203268,4292456372,58657,12.360203268,4.292456372
Phim_NgauNhien_95,Tình cảm,Việt Nam,1,21778,375610,28650028360,7155139864,93805,28.65002836,7.155139864
Phim_NgauNhien_96,Tình cảm,Mỹ,2,84031,2578388,217953716028,57330088680,678213,217.953716028,57.33008868
Phim_NgauNhien_97,Hoạt hình,Mỹ,4,88953,3070239,229193341350,84523048632,1132257,229.19334135,84.523048632
Phim_NgauNhien_98,Hài,Nhật Bản,11,14576,118890,10989359370,2912408845,31508,10.98935937,2.912408845
Doraemon,Hoạt hình,Nhật Bản,11,67773,5370399,420808354443,108708480848,1387348,420.808354443,108.708480848
Phim_NgauNhien_100,Hành động,Việt Nam,10,15382,611661,57997084359,14018017249,147839,57.997084359,14.018017249
Phim_NgauNhien_101,Tình cảm,Hàn Quốc,9,5453,161906,12352618270,3812760448,49973,12.35261827,3.812760448
Chị Chị Em Em 2,Hài,Việt Nam,12,82144,4421362,377725798384,98567629839,1153755,377.725798384,98.567629839
Phim_NgauNhien_103,Giật gân,Hàn Quốc,1,20181,343738,33244620670,9851277688,101858,33.24462067,9.851277688
Phim_NgauNhien_104,Hài,Việt Nam,2,8157,337430,30933895250,6455362798,70415,30.93389525,6.455362798
Phim_NgauNhien_105,Giật gân,Mỹ,4,58509,3415961,265720774268,95772705447,1231201,265.720774268,95.772705447
Phim_NgauNhien_106,Kinh dị,Việt Nam,10,15077,526954,38339592178,11640504158,159991,38.339592178,11.640504158
Phim_NgauNhien_107,Hoạt hình,Việt Nam,4,22606,733594,68150882600,22441523281,241566,68.1508826,22.441523281
Phim_NgauNhien_108,Hài,Việt Nam,8,12927,373418,31137833348,7918644011,94963,31.137833348,7.918644011
Phim_NgauNhien_109,Kinh dị,Việt Nam,4,34624,1650167,154985334807,51976542082,553407,154.985334807,51.976542082
Phim_NgauNhien_110,Hoạt hình,Mỹ,11,38710,1735645,149301918545,51899410935,603334,149.301918545,51.899410935
Phim_NgauNhien_111,Hành động,Thái Lan,7,13868,192088,13477278256,3438356487,49005,13.477278256,3.438356487
Phim_NgauNhien_112,Viễn tưởng,Hàn Quốc,6,21795,328970,30476109770,8177803879,88274,30.47610977,8.177803879
Phim_NgauNhien_113,Tình cảm,Mỹ,4,91522,4917983,358958661187,107719567869,1475832,358.958661187,107.719567869
Phim_NgauNhien_114,Viễn tưởng,Hàn Quốc,6,3886,103286,7242930750,2827367519,40318,7.24293075,2.827367519
Phim_NgauNhien_115,Giật gân,Việt Nam,10,20743,635196,45743004744,9752498671,135425,45.743004744,9.752498671
Phim_NgauNhien_116,Hoạt hình,Mỹ,4,25579,673058,58897959464,17652552440,201725,58.897959464,17.65255244
Phim_NgauNhien_117,Tình cảm,Việt Nam,11,18803,724215,63418783335,18681868828,213338,63.418783335,18.681868828
Phim_NgauNhien_118,Gia đình,Mỹ,11,47228,1854264,182611627248,50855811052,516397,182.611627248,50.855811052
Phim_NgauNhien_119,Tình cảm,Mỹ,1,59036,3466796,298491135600,94322230987,1095496,298.4911356,94.322230987
Phim_NgauNhien_120,Kinh dị,Việt Nam,11,24151,794033,71860780533,24256204658,268021,71.860780533,24.256204658
Phim_NgauNhien_121,Hài,Mỹ,10,50027,1349114,113374144104,39163263001,466029,113.374144104,39.163263001
Phim_NgauNhien_122,Tình cảm,Việt Nam,12,7555,351797,33357391540,13028708612,137404,33.35739154,13.028708612
Phim_NgauNhien_123,Kinh dị,Mỹ,3,44000,1672818,133551097848,39585642073,495836,133.551097848,39.585642073
Phim_NgauNhien_124,Tình cảm,Việt Nam,12,25195,705096,67484738160,24520673145,256197,67.48473816,24.520673145
Phim_NgauNhien_125,Kinh dị,Việt Nam,12,28620,805902,69041624340,21778488417,254213,69.04162434,21.778488417
Phim_NgauNhien_126,Gia đình,Thái Lan,8,10389,149943,13865978925,4645491356,50235,13.865978925,4.645491356
Phim_NgauNhien_127,Giật gân,Mỹ,12,39775,958616,86395267000,21730262316,241112,86.395267,21.730262316
Phim_NgauNhien_128,Hoạt hình,Mỹ,4,85243,2237534,163713650178,52175074152,713095,163.713650178,52.175074152
Phim_NgauNhien_129,Hài,Việt Nam,3,22727,320295,31486599975,8843444657,89959,31.486599975,8.843444657
Phim_NgauNhien_130,Tình cảm,Mỹ,2,83785,4563284,325284573372,129923743263,1822646,325.284573372,129.923743263
Phim_NgauNhien_131,Tình cảm,Mỹ,8,61899,2161138,186689906130,44095295288,510450,186.68990613,44.095295288
Phim_NgauNhien_132,Hành động,Nhật Bản,12,9398,86094,6639741468,2170318668,28141,6.639741468,2.170318668
Phim_NgauNhien_133,Giật gân,Việt Nam,12,23676,549373,48461840449,17903155847,202953,48.461840449,17.903155847
Phim_NgauNhien_134,Viễn tưởng,Mỹ,2,44497,1854584,147617468064,48517881392,609551,147.617468064,48.517881392
Phim_NgauNhien_135,Hài,Mỹ,1,64347,3186255,260743991670,78609721198,960599,260.74399167,78.609721198
Phim_NgauNhien_136,Viễn tưởng,Việt Nam,7,21133,964503,95621791923,22845161483,230431,95.621791923,22.845161483
Phim_NgauNhien_137,Hoạt hình,Mỹ,11,71374,3731876,359278898148,84914790867,882020,359.278898148,84.914790867
Bỗng Dưng Trúng Số,Hài,Hàn Quốc,9,79766,4282076,402219680756,137324755581,1461974,402.219680756,137.324755581
Phim_NgauNhien_139,Giật gân,Hàn Quốc,12,16068,522735,51864721230,16737825512,168697,51.86472123,16.737825512
Phim_NgauNhien_140,Tình cảm,Mỹ,4,51134,3346209,243814826367,90073357896,1236201,243.814826367,90.073357896
Phim_NgauNhien_141,Hành động,Mỹ,10,37347,948862,79600982042,17193261192,204947,79.600982042,17.193261192
Phim_NgauNhien_142,Viễn tưởng,Thái Lan,10,2475,59244,5631734640,1841106884,19367,5.63173464,1.841106884
Phim_NgauNhien_143,Gia đình,Mỹ,5,47386,2400742,206905548528,79994374837,928181,206.905548528,79.994374837
Phim_NgauNhien_144,Gia đình,Việt Nam,12,33784,590780,56783410480,19728603558,205258,56.78341048,19.728603558
Phim_NgauNhien_145,Hài,Hàn Quốc,1,23726,724474,51703535958,13410545434,187909,51.703535958,13.410545434
Phim_NgauNhien_146,Hành động,Mỹ,8,73019,3715243,368247455674,114341837708,1153593,368.247455674,114.341837708
Phim_NgauNhien_147,Kinh dị,Việt Nam,12,34665,784677,70795912971,17385244986,192691,70.795912971,17.385244986
Phim_NgauNhien_148,Giật gân,Việt Nam,12,21939,580594,53879123200,18691507523,201417,53.8791232,18.691507523
Phim_NgauNhien_149,Kinh dị,Hàn Quốc,7,16237,178298,13362187014,4963195310,66226,13.362187014,4.96319531
Lật Mặt 6,Hành động,Việt Nam,4,80228,5001275,476256414425,140432405872,1474712,476.256414425,140.432405872
Phim_NgauNhien_151,Hài,Mỹ,1,35822,2417367,184433015265,49923117181,654343,184.433015265,49.923117181
Phim_NgauNhien_152,Kinh dị,Mỹ,4,49394,3253005,290613707685,65936479817,738064,290.613707685,65.936479817
Conan,Hoạt hình,Nhật Bản,12,92602,4993422,419806974384,150502596415,1790163,419.806974384,150.502596415
Phim_NgauNhien_154,Hài,Nhật Bản,2,8136,93267,7638007698,2190054095,26742,7.638007698,2.190054095
Phim_NgauNhien_155,Hành động,Việt Nam,2,8072,327591,26469352800,6359864358,78711,26.4693528,6.359864358
Bố Già,Gia đình,Việt Nam,12,94249,7981038,572743229994,178514061551,2487550,572.743229994,178.514061551
Phim_NgauNhien_157,Kinh dị,Việt Nam,2,35523,756384,72482765952,14627462924,152642,72.482765952,14.627462924
Phim_NgauNhien_158,Viễn tưởng,Việt Nam,12,6925,178958,15444075400,6087332377,70536,15.4440754,6.087332377
Phim_NgauNhien_159,Gia đình,Mỹ,6,53780,2915217,250860253284,90386811237,1050374,250.860253284,90.386811237
Phim_NgauNhien_160,Gia đình,Mỹ,8,57778,2597373,189712123920,54027918960,739703,189.71212392,54.02791896
Phim_NgauNhien_161,Hành động,Hàn Quốc,1,14040,457677,34642945161,11460411414,151406,34.642945161,11.460411414
Phim_NgauNhien_162,Hoạt hình,Việt Nam,8,9082,131873,13152881147,4558266553,45701,13.152881147,4.558266553
Phim_NgauNhien_163,Hành động,Mỹ,12,92791,4509654,336717825564,98270415712,1316133,336.717825564,98.270415712
Phim_NgauNhien_164,Hoạt hình,Việt Nam,3,9493,157140,11229224400,3460169785,48421,11.2292244,3.460169785
Phim_NgauNhien_165,Giật gân,Hàn Quốc,10,2956,77317,6582769380,1771995931,20812,6.58276938,1.771995931
Phim_NgauNhien_166,Giật gân,Mỹ,8,72887,3594936,344700438360,134946638045,1407380,344.70043836,134.946638045
Cua Lại Vợ Bầu,Hài,Việt Nam,2,90136,5733887,458235047379,132631784943,1659619,458.235047379,132.631784943
Phim_NgauNhien_168,Kinh dị,Việt Nam,10,7591,102701,8744887449,2308067583,27106,8.744887449,2.308067583
Phim_NgauNhien_169,Giật gân,Mỹ,11,69859,2633432,194118173016,64820041901,879356,194.118173016,64.820041901
Phim_NgauNhien_170,Kinh dị,Mỹ,12,86175,4264370,312377895610,79136266470,1080314,312.37789561,79.13626647
Phim_NgauNhien_171,Tình cảm,Mỹ,8,30238,1770772,125972720080,40289113966,566335,125.97272008,40.289113966
Phim_NgauNhien_172,Giật gân,Nhật Bản,8,3529,55360,4342327680,981215332,12509,4.34232768,0.981215332
Phim_NgauNhien_173,Hoạt hình,Mỹ,2,82524,2303514,181853216244,61110981982,774085,181.853216244,61.110981982
Phim_NgauNhien_174,Tình cảm,Mỹ,1,51312,2209326,185274078360,47599219311,567603,185.27407836,47.599219311
Phim_NgauNhien_175,Kinh dị,Mỹ,8,48404,1139537,113789606672,34301531208,343509,113.789606672,34.301531208
Phim_NgauNhien_176,Gia đình,Thái Lan,12,6772,233445,22661906820,7346575887,75678,22.66190682,7.346575887
Phim_NgauNhien_177,Hành động,Mỹ,10,34852,1359989,109347195567,41703769650,518684,109.347195567,41.70376965
Phim_NgauNhien_178,Tình cảm,Mỹ,11,69841,1558238,142670713042,37018913960,404317,142.670713042,37.01891396
Phim_NgauNhien_179,Hành động,Thái Lan,12,20245,253391,23744003655,6608078252,70520,23.744003655,6.608078252
Phim_NgauNhien_180,Giật gân,Hàn Quốc,12,6466,190764,18844049448,6839730836,69240,18.844049448,6.839730836
Phim_NgauNhien_181,Hài,Việt Nam,4,20967,940266,93991810158,26014059757,260236,93.991810158,26.014059757
Phim_NgauNhien_182,Giật gân,Hàn Quốc,10,7867,187750,15558654750,4943705048,59656,15.55865475,4.943705048
Phim_NgauNhien_183,Hoạt hình,Việt Nam,10,18183,522447,47356685868,18765532785,207024,47.356685868,18.765532785
Phim_NgauNhien_184,Hành động,Hàn Quốc,11,15489,113614,8731463128,3430551093,44638,8.731463128,3.430551093
Phim_NgauNhien_185,Tình cảm,Mỹ,8,67556,1824830,146946260580,51573371112,640456,146.94626058,51.573371112
Phim_NgauNhien_186,Gia đình,Hàn Quốc,3,12717,291960,24169032720,5955442187,71941,24.16903272,5.955442187
Phim_NgauNhien_187,Gia đình,Việt Nam,9,59208,3246064,243808620976,64654411776,860807,243.808620976,64.654411776
Phim_NgauNhien_188,Giật gân,Việt Nam,7,30700,1082856,77794540752,24795621873,345141,77.794540752,24.795621873
Phim_NgauNhien_189,Giật gân,Mỹ,10,44286,1427079,117144633873,35191424463,428708,117.144633873,35.191424463
Phim_NgauNhien_190,Hành động,Nhật Bản,8,7374,51427,3729691748,1371148206,18906,3.729691748,1.371148206
Phim_NgauNhien_191,Tình cảm,Thái Lan,10,17398,284779,21824893002,6642319089,86671,21.824893002,6.642319089
Phim_NgauNhien_192,Kinh dị,Thái Lan,11,6426,165431,16147058186,5749567372,58905,16.147058186,5.749567372
Phim_NgauNhien_193,Kinh dị,Hàn Quốc,12,19095,681811,48156310930,17193628541,243432,48.15631093,17.193628541
Phim_NgauNhien_194,Tình cảm,Mỹ,11,55144,1945347,189805561443,38356959356,393126,189.805561443,38.356959356
Phim_NgauNhien_195,Hoạt hình,Hàn Quốc,2,17623,603930,58654889460,13903503004,143155,58.65488946,13.903503004
Phim_NgauNhien_196,Kinh dị,Mỹ,12,53438,1852141,138849454347,51319927150,684566,138.849454347,51.31992715
Phim_NgauNhien_197,Hài,Mỹ,8,45431,2512260,213331070160,74129721042,872977,213.33107016,74.129721042
Phim_NgauNhien_198,Tình cảm,Mỹ,3,31421,1731893,134445121697,48559572038,625533,134.445121697,48.559572038
Phim_NgauNhien_199,Kinh dị,Việt Nam,3,14956,323234,23827517544,4818073038,65359,23.827517544,4.818073038
Phim_NgauNhien_200,Viễn tưởng,Hàn Quốc,11,9128,82992,6828166800,1694331356,20593,6.8281668,1.694331356
Phim_NgauNhien_201,Hành động,Mỹ,12,41818,2344092,220750175916,59178965143,628406,220.750175916,59.178965143
Phim_NgauNhien_202,Kinh dị,Việt Nam,2,15261,663138,59376713382,19450351737,217227,59.376713382,19.450351737
Phim_NgauNhien_203,Hành động,Việt Nam,4,31369,1345739,121872815318,48085560892,530968,121.872815318,48.085560892
Phim_NgauNhien_204,Kinh dị,Mỹ,2,39122,1353657,122619665688,30132419542,332646,122.619665688,30.132419542
Phim_NgauNhien_205,Giật gân,Việt Nam,6,27853,950914,91467466746,19560396540,203353,91.467466746,19.56039654
Phim_NgauNhien_206,Tình cảm,Việt Nam,7,31963,842468,68708320208,17123070623,209954,68.708320208,17.123070623
Phim_NgauNhien_207,Hoạt hình,Mỹ,6,57873,3206186,230053464058,54807509445,763835,230.053464058,54.807509445
Phim_NgauNhien_208,Kinh dị,Thái Lan,4,3802,65176,5704203520,1823320469,20833,5.70420352,1.823320469
Phim_NgauNhien_209,Gia đình,Nhật Bản,10,17282,336426,25757783838,5302983923,69263,25.757783838,5.302983923
Phim_NgauNhien_210,Gia đình,Mỹ,3,22808,786664,57848123904,21584027574,293516,57.848123904,21.584027574
Phim_NgauNhien_211,Giật gân,Mỹ,10,70331,2259805,178691820570,42091444010,532304,178.69182057,42.09144401
Phim_NgauNhien_212,Giật gân,Nhật Bản,9,16385,431656,36250039224,12028587807,143233,36.250039224,12.028587807
Phim_NgauNhien_213,Giật gân,Hàn Quốc,4,11839,419506,39242269264,9568187278,102285,39.242269264,9.568187278
Phim_NgauNhien_214,Kinh dị,Thái Lan,12,23799,751616,56383977472,21118396050,281514,56.383977472,21.11839605
Phim_NgauNhien_215,Viễn tưởng,Thái Lan,8,17848,336306,27211527378,6358446612,78583,27.211527378,6.358446612
Phim_NgauNhien_216,Hài,Việt Nam,9,6286,191305,16441708225,5918295127,68861,16.441708225,5.918295127
Phim_NgauNhien_217,Viễn tưởng,Mỹ,10,46523,978177,69623704329,15441400551,216943,69.623704329,15.441400551
Phim_NgauNhien_218,Viễn tưởng,Việt Nam,10,21001,287485,27567511620,10677479985,111349,27.56751162,10.677479985
Phim_NgauNhien_219,Gia đình,Việt Nam,12,29970,796937,65958490805,15562023497,188026,65.958490805,15.562023497
Phim_NgauNhien_220,Giật gân,Hàn Quốc,12,17359,227802,20015139324,4530200368,51560,20.015139324,4.530200368
Phim_NgauNhien_221,Kinh dị,Việt Nam,8,17258,520219,47717087775,17763831099,193664,47.717087775,17.763831099
Phim_NgauNhien_222,Tình cảm,Mỹ,10,75751,3441988,314893714168,73299763685,801212,314.893714168,73.299763685
Phim_NgauNhien_223,Viễn tưởng,Mỹ,5,49411,1230090,93801743040,26902703220,352794,93.80174304,26.90270322
Phim_NgauNhien_224,Viễn tưởng,Mỹ,2,50908,1748457,147706150446,35823006538,424051,147.706150446,35.823006538
Phim_NgauNhien_225,Viễn tưởng,Thái Lan,3,10682,269683,25105060153,6714800937,72131,25.105060153,6.714800937
Phim_NgauNhien_226,Tình cảm,Mỹ,4,25959,724848,59789087280,22085117006,267747,59.78908728,22.085117006
Phim_NgauNhien_227,Gia đình,Hàn Quốc,7,19767,131022,10911381138,3305401244,39690,10.911381138,3.305401244
Phim_NgauNhien_228,Tình cảm,Việt Nam,12,20132,625696,44040238656,13511258716,191959,44.040238656,13.511258716
Phim_NgauNhien_229,Kinh dị,Mỹ,11,69575,3450653,256207534597,100753275334,1356964,256.207534597,100.753275334
Phim_NgauNhien_230,Tình cảm,Mỹ,12,50715,2346517,188150772611,48258072881,601849,188.150772611,48.258072881
Phim_NgauNhien_231,Viễn tưởng,Mỹ,5,66136,3092578,216780440066,80728468280,1151667,216.780440066,80.72846828
Phim_NgauNhien_232,Hành động,Hàn Quốc,3,8313,119458,11675108172,3372069453,34502,11.675108172,3.372069453
Avatar 2,Viễn tưởng,Mỹ,9,71804,5220996,461677013292,164343257731,1858518,461.677013292,164.343257731
Phim_NgauNhien_234,Hành động,Việt Nam,11,23691,338456,25583889040,8804210062,116473,25.58388904,8.804210062
Phim_NgauNhien_235,Tình cảm,Việt Nam,1,11391,306316,28938285152,10048532596,106365,28.938285152,10.048532596
Phim_NgauNhien_236,Giật gân,Thái Lan,12,18810,372023,30120470172,7556153564,93327,30.120470172,7.556153564
Phim_NgauNhien_237,Hành động,Mỹ,9,23983,1258406,125741185926,28369619397,283920,125.741185926,28.369619397
Phim_NgauNhien_238,Hoạt hình,Mỹ,10,31739,1724287,137230829469,52647454976,661508,137.230829469,52.647454976
Phim_NgauNhien_239,Hoạt hình,Mỹ,11,40058,1242675,112776484275,44940127303,495191,112.776484275,44.940127303
Phim_NgauNhien_240,Hành động,Nhật Bản,12,7294,199566,18003846690,3914682492,43392,18.00384669,3.914682492
Phim_NgauNhien_241,Tình cảm,Mỹ,10,27927,1171057,107707967575,33608508823,365409,107.707967575,33.608508823
Phim_NgauNhien_242,Kinh dị,Thái Lan,6,9328,113301,9985557033,2319884175,26322,9.985557033,2.319884175
Minions,Hoạt hình,Mỹ,1,91936,4397311,436705750032,155485856216,1565630,436.705750032,155.485856216
Phim_NgauNhien_244,Hài,Hàn Quốc,8,11519,245133,20067813045,5412584846,66115,20.067813045,5.412584846
Phim_NgauNhien_245,Hoạt hình,Mỹ,4,35799,2310821,200960548265,42819313425,492374,200.960548265,42.819313425
Phim_NgauNhien_246,Hoạt hình,Mỹ,2,56904,3113794,221259974052,64262703863,904369,221.259974052,64.262703863
Phim_NgauNhien_247,Hoạt hình,Mỹ,2,63956,3473763,310352933946,76706340421,858569,310.352933946,76.706340421
Phim_NgauNhien_248,Viễn tưởng,Việt Nam,6,17980,389851,35238242039,7547553727,83500,35.238242039,7.547553727
Phim_NgauNhien_249,Gia đình,Việt Nam,7,30122,1314921,119376417906,24438620053,269189,119.376417906,24.438620053
Phim_NgauNhien_250,Kinh dị,Hàn Quốc,7,7764,84405,6714924180,1469092073,18466,6.71492418,1.469092073
Phim_NgauNhien_251,Giật gân,Nhật Bản,6,12816,437299,40112999971,11906156690,129797,40.112999971,11.90615669
Phim_NgauNhien_252,Tình cảm,Nhật Bản,12,7449,64764,6160157388,1249668350,13138,6.160157388,1.24966835
Phim_NgauNhien_253,Giật gân,Mỹ,9,36653,1218183,92245689492,24666555972,325742,92.245689492,24.666555972
Phim_NgauNhien_254,Giật gân,Việt Nam,9,24557,494095,39624936715,13546838378,168919,39.624936715,13.546838378
Phim_NgauNhien_255,Tình cảm,Việt Nam,6,12705,153319,14005690650,2810152930,30762,14.00569065,2.81015293
Phim_NgauNhien_256,Tình cảm,Mỹ,9,42626,1408940,138822858200,35607953901,361392,138.8228582,35.607953901
Phim_NgauNhien_257,Viễn tưởng,Thái Lan,7,12394,198741,18175261932,6180504942,67581,18.175261932,6.180504942
Phim_NgauNhien_258,Hoạt hình,Mỹ,1,78723,1939996,138575854276,29296452200,410136,138.575854276,29.2964522
Phim_NgauNhien_259,Kinh dị,Việt Nam,10,7551,117808,10177550928,2619982423,30327,10.177550928,2.619982423
Phim_NgauNhien_260,Gia đình,Việt Nam,10,20309,480904,43802179032,16009862202,175772,43.802179032,16.009862202
Phim_NgauNhien_261,Hài,Mỹ,8,54587,1937603,169567388942,48493935832,554127,169.567388942,48.493935832
Phim_NgauNhien_262,Hoạt hình,Nhật Bản,7,11914,247126,23770061436,5720137359,59469,23.770061436,5.720137359
Phim_NgauNhien_263,Giật gân,Mỹ,12,53966,2372252,202194154716,49011622682,575031,202.194154716,49.011622682
Phim_NgauNhien_264,Tình cảm,Mỹ,1,54950,1780964,143533231652,48214245752,598243,143.533231652,48.214245752
Phim_NgauNhien_265,Viễn tưởng,Việt Nam,8,18760,622910,61418303090,17156094691,173998,61.41830309,17.156094691
Phim_NgauNhien_266,Hành động,Hàn Quốc,4,22605,139535,10287357410,3354108009,45494,10.28735741,3.354108009
Phim_NgauNhien_267,Kinh dị,Mỹ,12,85957,2206015,201934201070,51201494019,559346,201.93420107,51.201494019
Phim_NgauNhien_268,Kinh dị,Nhật Bản,8,7542,154412,15079875920,3052531139,31256,15.07987592,3.052531139
Phim_NgauNhien_269,Kinh dị,Mỹ,12,39393,1822972,173756576180,36198944463,379782,173.75657618,36.198944463
Phim_NgauNhien_270,Hành động,Mỹ,12,31740,1447878,109217781174,35250637798,467310,109.217781174,35.250637798
Phim_NgauNhien_271,Hành động,Mỹ,10,25926,1117071,88802676216,31278461126,393459,88.802676216,31.278461126
Phim_NgauNhien_272,Giật gân,Việt Nam,8,19472,749854,59259461912,14038285081,177636,59.259461912,14.038285081
Phim_NgauNhien_273,Kinh dị,Việt Nam,6,18649,514365,36909289305,11522153427,160571,36.909289305,11.522153427
Phim_NgauNhien_274,Hành động,Việt Nam,5,12848,511351,39335164324,14022085180,182284,39.335164324,14.02208518
Phim_NgauNhien_275,Viễn tưởng,Hàn Quốc,11,17795,312554,27612270576,10079587489,114094,27.612270576,10.079587489
Phim_NgauNhien_276,Gia đình,Hàn Quốc,8,8082,221491,19588664040,7585562240,85770,19.58866404,7.58556224
Phim_NgauNhien_277,Hài,Việt Nam,6,6410,176245,17087833975,6529864833,67349,17.087833975,6.529864833
Phim_NgauNhien_278,Giật gân,Việt Nam,10,17413,510794,44751173134,16150136378,184339,44.751173134,16.150136378
Phim_NgauNhien_279,Hành động,Mỹ,8,51585,2035892,164534683764,52576188310,650558,164.534683764,52.57618831
Phim_NgauNhien_280,Hành động,Thái Lan,11,14180,381268,38049021328,14961236690,149918,38.049021328,14.96123669
Phim_NgauNhien_281,Gia đình,Việt Nam,10,21029,718133,70258542055,25645062147,262125,70.258542055,25.645062147
Phim_NgauNhien_282,Hành động,Thái Lan,1,7239,187915,13857603760,4035989704,54729,13.85760376,4.035989704
Phim_NgauNhien_283,Hành động,Thái Lan,12,23244,788633,71996672469,27627683384,302626,71.996672469,27.627683384
Phim_NgauNhien_284,Kinh dị,Mỹ,6,87465,2111423,161979926868,47702873191,621811,161.979926868,47.702873191
Phim_NgauNhien_285,Gia đình,Việt Nam,8,12531,176193,13691958030,5264894843,67750,13.69195803,5.264894843
Phim_NgauNhien_286,Hành động,Hàn Quốc,6,16825,499959,43425938781,9186679632,105765,43.425938781,9.186679632
Phim_NgauNhien_287,Hành động,Thái Lan,10,5313,118227,10196014707,2055193536,23830,10.196014707,2.055193536
Phim_NgauNhien_288,Hoạt hình,Nhật Bản,5,10155,285912,21160061208,7637737305,103200,21.160061208,7.637737305
Phim_NgauNhien_289,Viễn tưởng,Việt Nam,10,16023,531765,42723595395,9668505723,120340,42.723595395,9.668505723
Phim_NgauNhien_290,Gia đình,Hàn Quốc,3,13166,337421,27080734618,7800329372,97190,27.080734618,7.800329372
Phim_NgauNhien_291,Hoạt hình,Thái Lan,6,21621,421996,40828113000,10408976553,107586,40.828113,10.408976553
Phim_NgauNhien_292,Viễn tưởng,Thái Lan,10,11324,228717,16767471987,4348568879,59316,16.767471987,4.348568879
Phim_NgauNhien_293,Hành động,Hàn Quốc,5,18489,374556,29916911388,8376168004,104868,29.916911388,8.376168004
Phim_NgauNhien_294,Tình cảm,Mỹ,7,60134,2135596,188143872004,71696356861,813815,188.143872004,71.696356861
Phim_NgauNhien_295,Hài,Việt Nam,1,33318,1331124,112574487804,23727509574,280563,112.574487804,23.727509574
Phim_NgauNhien_296,Hành động,Việt Nam,11,15640,478749,36557752389,11439864285,149812,36.557752389,11.439864285
Phim_NgauNhien_297,Hành động,Nhật Bản,4,16956,131795,12356835610,3114631504,33219,12.35683561,3.114631504
Phim_NgauNhien_298,Kinh dị,Nhật Bản,4,2808,45695,4554649125,1125032233,11287,4.554649125,1.125032233
Phim_NgauNhien_299,Tình cảm,Hàn Quốc,11,2552,57998,5322302466,2072877633,22588,5.322302466,2.072877633
Phim_NgauNhien_300,Giật gân,Thái Lan,5,18690,168991,13549867371,4658991215,58105,13.549867371,4.658991215
Phim_NgauNhien_301,Viễn tưởng,Việt Nam,1,20496,715590,66362385420,14049592950,151497,66.36238542,14.04959295
Phim_NgauNhien_302,Hành động,Thái Lan,12,17995,496208,36159173168,11426941158,156810,36.159173168,11.426941158
Phim_NgauNhien_303,Hành động,Mỹ,4,40671,1266584,122567333680,37086483053,383243,122.56733368,37.086483053
Phim_NgauNhien_304,Hành động,Mỹ,1,45313,2059868,149540237196,36689110487,505380,149.540237196,36.689110487
Phim_NgauNhien_305,Giật gân,Mỹ,1,28384,1083512,92748627200,29073211352,339640,92.7486272,29.073211352
Phim_NgauNhien_306,Hành động,Việt Nam,5,19607,570488,54681845288,21816080002,227604,54.681845288,21.816080002
Phim_NgauNhien_307,Tình cảm,Mỹ,10,30028,808930,66724591050,21834653109,264710,66.72459105,21.834653109
Phim_NgauNhien_308,Viễn tưởng,Mỹ,8,50911,2620701,184476384792,71681293045,1018315,184.476384792,71.681293045
Phim_NgauNhien_309,Hoạt hình,Mỹ,1,39004,1928923,174893519487,66313137445,731376,174.893519487,66.313137445
Phim_NgauNhien_310,Kinh dị,Nhật Bản,4,14808,362153,28614070683,6717167947,85015,28.614070683,6.717167947
Phim_NgauNhien_311,Tình cảm,Việt Nam,12,26980,901162,69768863202,15932060293,205784,69.768863202,15.932060293
Phim_NgauNhien_312,Kinh dị,Thái Lan,3,12123,166541,15821395000,3234004394,34042,15.821395,3.234004394
Phim_NgauNhien_313,Giật gân,Thái Lan,9,10906,189615,16526653785,6263990956,71868,16.526653785,6.263990956
Phim_NgauNhien_314,Hành động,Mỹ,2,33309,1730173,162674325806,36995710949,393479,162.674325806,36.995710949
Phim_NgauNhien_315,Tình cảm,Việt Nam,11,25724,480455,44688080460,16404817697,176373,44.68808046,16.404817697
Phim_NgauNhien_316,Hành động,Hàn Quốc,10,7242,193532,14550703420,3133820136,41681,14.55070342,3.133820136
Phim_NgauNhien_317,Hành động,Mỹ,12,70230,2723564,196012177516,47115582441,654664,196.012177516,47.115582441
Phim_NgauNhien_318,Gia đình,Hàn Quốc,10,9373,275474,23725749198,9171096963,106483,23.725749198,9.171096963
Phim_NgauNhien_319,Hoạt hình,Việt Nam,1,19851,329967,32395500126,10387418921,105801,32.395500126,10.387418921
Phim_NgauNhien_320,Hoạt hình,Mỹ,10,46155,1747185,153357416190,57302651264,652843,153.35741619,57.302651264
Phim_NgauNhien_321,Kinh dị,Hàn Quốc,2,16591,111169,9353537322,2145817165,25503,9.353537322,2.145817165
Phim_NgauNhien_322,Giật gân,Mỹ,10,61689,3472794,290943735732,74296224908,886822,290.943735732,74.296224908
Phim_NgauNhien_323,Giật gân,Hàn Quốc,5,7078,77712,7755191328,1666791963,16702,7.755191328,1.666791963
Phim_NgauNhien_324,Kinh dị,Mỹ,12,47403,3404194,244635593422,90709017193,1262249,244.635593422,90.709017193
Phim_NgauNhien_325,Tình cảm,Nhật Bản,7,15234,460802,44888105226,12826345330,131669,44.888105226,12.82634533
Phim_NgauNhien_326,Giật gân,Mỹ,4,55956,3117832,218893631224,67751622974,965026,218.893631224,67.751622974
Phim_NgauNhien_327,Giật gân,Việt Nam,12,18904,857833,60250758588,13494109372,192125,60.250758588,13.494109372
Phim_NgauNhien_328,Gia đình,Mỹ,12,47235,1145496,101986945368,37530461187,421534,101.986945368,37.530461187
Phim_NgauNhien_329,Viễn tưởng,Hàn Quốc,11,14089,233154,19954951398,5386652470,62937,19.954951398,5.38665247
Phim_NgauNhien_330,Hoạt hình,Mỹ,1,26841,1351472,124569228656,49304030208,534907,124.569228656,49.304030208
Fast & Furious 10,Hành động,Mỹ,1,92095,5157027,425320644798,166739965222,2021727,425.320644798,166.739965222
Phim_NgauNhien_332,Hành động,Mỹ,12,75495,3478086,316926674406,94101968758,1032714,316.926674406,94.101968758
Phim_NgauNhien_333,Hành động,Mỹ,12,86792,3745665,341908046865,73691395844,807302,341.908046865,73.691395844
Phim_NgauNhien_334,Giật gân,Mỹ,8,27480,1454581,116792672233,35408312470,440988,116.792672233,35.40831247
Phim_NgauNhien_335,Hoạt hình,Mỹ,2,33190,1783871,145749396184,47293161723,578835,145.749396184,47.293161723
Phim_NgauNhien_336,Tình cảm,Thái Lan,8,8344,178411,16508013008,6065179758,65549,16.508013008,6.065179758
Phim_NgauNhien_337,Viễn tưởng,Việt Nam,4,10504,412751,29460515376,8887415816,124515,29.460515376,8.887415816
Phim_NgauNhien_338,Viễn tưởng,Mỹ,10,38474,873618,71515243098,22153114610,270618,71.515243098,22.15311461
Phim_NgauNhien_339,Hoạt hình,Mỹ,2,52402,2553466,202834571710,49819406913,627171,202.83457171,49.819406913
Phim_NgauNhien_340,Kinh dị,Mỹ,12,63824,3146394,282187492284,97316164533,1085076,282.187492284,97.316164533
Phim_NgauNhien_341,Hành động,Mỹ,12,31087,784060,60851680660,16781801579,216229,60.85168066,16.781801579
Phim_NgauNhien_342,Hài,Nhật Bản,8,5374,58398,5224577070,1121713298,12538,5.22457707,1.121713298
Phim_NgauNhien_343,Giật gân,Việt Nam,5,13555,234633,20335407477,6185860044,71373,20.335407477,6.185860044
Phim_NgauNhien_344,Tình cảm,Mỹ,8,24033,1441416,112622156328,29689713089,379989,112.622156328,29.689713089
Phim_NgauNhien_345,Hành động,Mỹ,12,76675,3322534,300127818754,99788538750,1104698,300.127818754,99.78853875
Phim_NgauNhien_346,Giật gân,Hàn Quốc,1,2448,18223,1426113757,535431403,6841,1.426113757,0.535431403
Phim_NgauNhien_347,Gia đình,Nhật Bản,2,9326,158784,13615886784,4025493419,46943,13.615886784,4.025493419
Phim_NgauNhien_348,Kinh dị,Mỹ,2,34952,855240,80748339840,24510539111,259601,80.74833984,24.510539111
Phim_NgauNhien_349,Hành động,Mỹ,10,27597,586111,44890827601,12696474784,165769,44.890827601,12.696474784
Phim_NgauNhien_350,Giật gân,Mỹ,11,21088,710060,56637225840,19715147950,247168,56.63722584,19.71514795
Phim_NgauNhien_351,Tình cảm,Hàn Quốc,12,9164,177472,14497865152,5502446301,67356,14.497865152,5.502446301
Avengers: Endgame,Hành động,Mỹ,12,80630,5126267,510022556364,132324108579,1329997,510.022556364,132.324108579
Phim_NgauNhien_353,Hành động,Việt Nam,12,27391,664553,55682895870,19953634524,238138,55.68289587,19.953634524
Phim_NgauNhien_354,Giật gân,Thái Lan,3,7223,130048,10009924608,3395164463,44109,10.009924608,3.395164463
Phim_NgauNhien_355,Tình cảm,Mỹ,9,53997,2566386,201376610262,80012168001,1019691,201.376610262,80.012168001
Phim_NgauNhien_356,Hài,Việt Nam,12,31958,864124,69218060648,15538539529,193984,69.218060648,15.538539529
Phim_NgauNhien_357,Viễn tưởng,Thái Lan,5,7808,139874,12795253898,4744828170,51869,12.795253898,4.74482817
Phim_NgauNhien_358,Gia đình,Việt Nam,2,32601,832490,76027149250,21886771596,239658,76.02714925,21.886771596
Phim_NgauNhien_359,Hoạt hình,Việt Nam,1,31560,1325879,115789013070,31406279523,359627,115.78901307,31.406279523
Phim_NgauNhien_360,Hài,Mỹ,11,56321,2843726,201904546000,53189560637,749148,201.904546,53.189560637
Phim_NgauNhien_361,Viễn tưởng,Nhật Bản,9,17417,469107,42258565881,8684297435,96403,42.258565881,8.684297435
Phim_NgauNhien_362,Kinh dị,Việt Nam,10,24604,749580,74577962940,17887006465,179781,74.57796294,17.887006465
Phim_NgauNhien_363,Gia đình,Mỹ,2,38756,2606976,250366154112,69994196000,728825,250.366154112,69.994196
Phim_NgauNhien_364,Viễn tưởng,Mỹ,1,55392,3288619,288191548827,84895003366,968756,288.191548827,84.895003366
Phim_NgauNhien_365,Viễn tưởng,Mỹ,2,82335,3770290,323291056630,75479392318,880256,323.29105663,75.479392318
Phim_NgauNhien_366,Kinh dị,Việt Nam,6,22374,659840,50907315840,15507231025,200998,50.90731584,15.507231025
Phim_NgauNhien_367,Gia đình,Nhật Bản,10,19961,348225,31776575925,8719064517,95548,31.776575925,8.719064517
Phim_NgauNhien_368,Hành động,Việt Nam,3,28563,1113233,91141498943,29061209751,354963,91.141498943,29.061209751
Phim_NgauNhien_369,Viễn tưởng,Việt Nam,5,8361,125463,10184082636,3352071470,41295,10.184082636,3.35207147
Phim_NgauNhien_370,Hành động,Mỹ,8,66092,3890262,342763204296,132058614996,1498826,342.763204296,132.058614996
Phim_NgauNhien_371,Hài,Nhật Bản,10,5267,141331,13403408047,5145278763,54253,13.403408047,5.145278763
Phim_NgauNhien_372,Hành động,Mỹ,1,34256,962469,67598047746,18491932501,263290,67.598047746,18.491932501
Phim_NgauNhien_373,Kinh dị,Việt Nam,9,25702,616802,54164467630,17899099503,203827,54.16446763,17.899099503
Phim_NgauNhien_374,Tình cảm,Việt Nam,5,24877,541617,43673828412,9897756095,122746,43.673828412,9.897756095
Phim_NgauNhien_375,Gia đình,Mỹ,5,46661,1244701,123049896159,44155159060,446647,123.049896159,44.15515906
Phim_NgauNhien_376,Gia đình,Việt Nam,10,10939,184951,13371032545,3033285189,41957,13.371032545,3.033285189
Phim_NgauNhien_377,Hành động,Mỹ,7,41378,1612548,148073832648,42891630685,467096,148.073832648,42.891630685
Phim_NgauNhien_378,Tình cảm,Mỹ,1,55705,2763110,247560840450,51392717635,573611,247.56084045,51.392717635
Phim_NgauNhien_379,Kinh dị,Mỹ,4,64644,1736751,149879874549,31709918675,367442,149.879874549,31.709918675
Phim_NgauNhien_380,Giật gân,Mỹ,9,36209,2015931,162040533780,46096789443,573485,162.04053378,46.096789443
Phim_NgauNhien_381,Tình cảm,Nhật Bản,8,2522,72556,6001687208,2333434746,28209,6.001687208,2.333434746
Spider-Man,Hành động,Mỹ,2,60631,4688886,454020142494,145134554532,1498874,454.020142494,145.134554532
Phim_NgauNhien_383,Hành động,Mỹ,11,20726,448144,32210350000,10865130284,151167,32.21035,10.865130284
Phim_NgauNhien_384,Gia đình,Thái Lan,12,3134,87686,7634907706,1759241974,20204,7.634907706,1.759241974
Phim_NgauNhien_385,Giật gân,Mỹ,8,54503,2509050,244976114850,60304750560,617642,244.97611485,60.30475056
Phim_NgauNhien_386,Hài,Hàn Quốc,6,15416,393550,38559241900,15136571922,154489,38.5592419,15.136571922
Đất Rừng Phương Nam,Gia đình,Việt Nam,4,88060,5675482,422953945086,132960577333,1784154,422.953945086,132.960577333
Phim_NgauNhien_388,Gia đình,Mỹ,5,27368,1543146,129061015710,48231431062,576689,129.06101571,48.231431062
Phim_NgauNhien_389,Hoạt hình,Mỹ,8,75826,4098165,300284844045,108674885313,1483150,300.284844045,108.674885313
Phim_NgauNhien_390,Tình cảm,Việt Nam,6,6742,273276,20124591192,5453929461,74060,20.124591192,5.453929461
Phim_NgauNhien_391,Hài,Nhật Bản,12,5324,71366,6812883824,1475282930,15453,6.812883824,1.47528293
Phim_NgauNhien_392,Tình cảm,Việt Nam,11,12355,177367,15587189327,4373370291,49764,15.587189327,4.373370291
Phim_NgauNhien_393,Hoạt hình,Việt Nam,1,30536,731507,72664979352,25769063531,259413,72.664979352,25.769063531
Phim_NgauNhien_394,Gia đình,Việt Nam,9,20206,505393,46524458008,13733719744,149188,46.524458008,13.733719744
Phim_NgauNhien_395,Viễn tưởng,Hàn Quốc,9,9604,136362,12138672516,4263744306,47897,12.138672516,4.263744306
Phim_NgauNhien_396,Hài,Hàn Quốc,12,19724,161655,12449051550,2909204876,37776,12.44905155,2.909204876
Phim_NgauNhien_397,Hoạt hình,Hàn Quốc,10,11959,339961,30127003859,9993371303,112767,30.127003859,9.993371303
Phim_NgauNhien_398,Gia đình,Việt Nam,4,30505,648344,64268395688,22561682784,227603,64.268395688,22.561682784
Phim_NgauNhien_399,Viễn tưởng,Mỹ,7,26970,949834,80245775656,20400842403,241475,80.245775656,20.400842403
Phim_NgauNhien_400,Hành động,Việt Nam,4,33776,978367,76263707650,19126554646,245369,76.26370765,19.126554646
Phim_NgauNhien_401,Giật gân,Nhật Bản,11,17352,455757,40765640622,12597443337,140838,40.765640622,12.597443337
Phim_NgauNhien_402,Hoạt hình,Thái Lan,2,6099,100189,8027443247,3180852510,39699,8.027443247,3.18085251
Phim_NgauNhien_403,Gia đình,Việt Nam,10,26125,786936,57016660944,13331419800,183998,57.016660944,13.3314198
Phim_NgauNhien_404,Hành động,Thái Lan,2,2648,48416,4512225952,1308880275,14044,4.512225952,1.308880275
Phim_NgauNhien_405,Viễn tưởng,Hàn Quốc,2,2565,58305,4647724770,1083144868,13587,4.64772477,1.083144868
Phim_NgauNhien_406,Kinh dị,Việt Nam,3,22301,438501,37502798025,11757433565,137473,37.502798025,11.757433565
Phim_NgauNhien_407,Viễn tưởng,Việt Nam,8,11116,289075,28019461600,10334532615,106620,28.0194616,10.334532615
Phim_NgauNhien_408,Tình cảm,Hàn Quốc,7,21807,600645,49960449810,15200308305,182744,49.96044981,15.200308305
Phim_NgauNhien_409,Tình cảm,Mỹ,6,44372,1261481,90541537294,25694742852,357995,90.541537294,25.694742852
Phim_NgauNhien_410,Viễn tưởng,Mỹ,11,49806,1316568,123411134616,24912552081,265770,123.411134616,24.912552081
Phim_NgauNhien_411,Kinh dị,Mỹ,12,67107,3520543,292645136875,96697166664,1163274,292.645136875,96.697166664
Phim_NgauNhien_412,Gia đình,Việt Nam,2,24604,1031192,72494859984,22772226734,323920,72.494859984,22.772226734
Phim_NgauNhien_413,Hoạt hình,Việt Nam,9,13859,180953,16106264624,3639790074,40892,16.106264624,3.639790074
Phim_NgauNhien_414,Tình cảm,Việt Nam,2,26091,1148720,97649241040,26778789296,315018,97.64924104,26.778789296
Phim_NgauNhien_415,Giật gân,Việt Nam,8,20379,449760,36350502720,10766821812,133216,36.35050272,10.766821812
Phim_NgauNhien_416,Kinh dị,Việt Nam,2,15892,650658,54221283114,16952706342,203433,54.221283114,16.952706342
Phim_NgauNhien_417,Gia đình,Mỹ,2,75310,2371953,198458935557,74149904654,886229,198.458935557,74.149904654
Phim_NgauNhien_418,Giật gân,Mỹ,12,54290,3791214,273634661664,57184789953,792296,273.634661664,57.184789953
Phim_NgauNhien_419,Hoạt hình,Nhật Bản,12,6732,228135,19041744045,5861663014,70227,19.041744045,5.861663014
Nhà Bà Nữ,Gia đình,Việt Nam,2,104322,8004162,773114003418,215311253625,2229148,773.114003418,215.311253625
Phim_NgauNhien_421,Gia đình,Nhật Bản,11,13787,123926,10361700712,3348367051,40046,10.361700712,3.348367051
Phim_NgauNhien_422,Hành động,Thái Lan,4,3111,63092,5303261152,1711978942,20367,5.303261152,1.711978942
Phim_NgauNhien_423,Viễn tưởng,Mỹ,9,62092,3094479,284125778343,97039234948,1056876,284.125778343,97.039234948
Phim_NgauNhien_424,Viễn tưởng,Thái Lan,3,10800,191543,13721757434,3372518735,47077,13.721757434,3.372518735
Phim_NgauNhien_425,Hoạt hình,Mỹ,2,90291,2711114,222192058984,47832837437,583640,222.192058984,47.832837437
Phim_NgauNhien_426,Hành động,Mỹ,3,20258,1132168,81400614864,32291973494,449135,81.400614864,32.291973494
Phim_NgauNhien_427,Hoạt hình,Mỹ,12,80164,4525029,319851674865,64783710744,916512,319.851674865,64.783710744
Phim_NgauNhien_428,Gia đình,Việt Nam,2,35515,676489,53581987734,20325944362,256621,53.581987734,20.325944362
Phim_NgauNhien_429,Tình cảm,Việt Nam,3,12693,157743,13205612988,2701587996,32270,13.205612988,2.701587996
Phim_NgauNhien_430,Gia đình,Việt Nam,11,9956,268037,24001641202,6795363358,75886,24.001641202,6.795363358
Phim_NgauNhien_431,Hoạt hình,Mỹ,12,46903,2813844,213539807316,71261336294,939020,213.539807316,71.261336294
Phim_NgauNhien_432,Giật gân,Nhật Bản,1,14298,316906,30021773004,10253764546,108237,30.021773004,10.253764546
Phim_NgauNhien_433,Viễn tưởng,Nhật Bản,12,6086,75893,6396793291,2337182143,27728,6.396793291,2.337182143
Phim_NgauNhien_434,Hài,Mỹ,2,62540,2839188,279898509792,94742071334,961028,279.898509792,94.742071334
Phim_NgauNhien_435,Hài,Việt Nam,11,13783,337279,29012402301,7810234832,90796,29.012402301,7.810234832
Phim_NgauNhien_436,Viễn tưởng,Hàn Quốc,4,19930,560290,52024607370,17114354082,184316,52.02460737,17.114354082
Phim_NgauNhien_437,Hài,Việt Nam,9,26664,753380,60797012620,21668396827,268508,60.79701262,21.668396827
Godzilla x Kong,Hành động,Mỹ,8,80087,5744525,423727653050,93637894257,1269459,423.72765305,93.637894257
Phim_NgauNhien_439,Tình cảm,Thái Lan,2,13299,422491,35203640084,9973222439,119692,35.203640084,9.973222439
Phim_NgauNhien_440,Hành động,Mỹ,6,51136,2896902,217093835880,45069628952,601409,217.09383588,45.069628952
Phim_NgauNhien_441,Tình cảm,Hàn Quốc,4,15822,238239,19535836239,4852284804,59173,19.535836239,4.852284804
Phim_NgauNhien_442,Viễn tưởng,Nhật Bản,3,18898,563070,48121651410,11491006360,134455,48.12165141,11.49100636
Phim_NgauNhien_443,Hài,Mỹ,12,35482,1293250,121712930500,28655384602,304475,121.7129305,28.655384602
Phim_NgauNhien_444,Hành động,Thái Lan,12,17782,397346,31502782918,11068512264,139607,31.502782918,11.068512264
Phim_NgauNhien_445,Hoạt hình,Nhật Bản,12,6134,42263,3896944441,1326721567,14388,3.896944441,1.326721567
Phim_NgauNhien_446,Kinh dị,Mỹ,11,54324,1552858,152854024372,50375105610,511765,152.854024372,50.37510561
Phim_NgauNhien_447,Gia đình,Việt Nam,1,28550,432679,36819252184,11441967308,134459,36.819252184,11.441967308
Phim_NgauNhien_448,Hài,Nhật Bản,12,3205,66137,5372573058,1360175542,16743,5.372573058,1.360175542
Phim_NgauNhien_449,Gia đình,Việt Nam,9,14101,410097,33374103957,7447348574,91512,33.374103957,7.447348574
Phim_NgauNhien_450,Tình cảm,Việt Nam,1,13876,611147,59794622480,23279773806,237937,59.79462248,23.279773806
Phim_NgauNhien_451,Hành động,Mỹ,6,77958,3713087,268697540755,58973381163,814943,268.697540755,58.973381163
Phim_NgauNhien_452,Viễn tưởng,Hàn Quốc,1,12880,272853,25146405333,6426177078,69727,25.146405333,6.426177078
Phim_NgauNhien_453,Viễn tưởng,Mỹ,3,66819,2961164,282847424116,87649565245,917613,282.847424116,87.649565245
Phim_NgauNhien_454,Hành động,Nhật Bản,3,4494,94466,8338324888,1697162318,19227,8.338324888,1.697162318
Phim_NgauNhien_455,Hoạt hình,Mỹ,2,36420,1243138,114111366434,29235434755,318493,114.111366434,29.235434755
Phim_NgauNhien_456,Hành động,Việt Nam,10,5159,133042,10185030310,2514996545,32852,10.18503031,2.514996545
Phim_NgauNhien_457,Hành động,Mỹ,3,20785,1103024,97948531200,21317551707,240062,97.9485312,21.317551707
Phim_NgauNhien_458,Tình cảm,Nhật Bản,1,3072,29156,2774747364,903430023,9492,2.774747364,0.903430023
Phim_NgauNhien_459,Hoạt hình,Mỹ,1,28830,1000880,98558655360,27039356082,274589,98.55865536,27.039356082
Phim_NgauNhien_460,Giật gân,Việt Nam,2,31952,1481542,116902553052,32266846699,408927,116.902553052,32.266846699
Phim_NgauNhien_461,Hoạt hình,Mỹ,4,67129,2664859,256394078967,73747774830,766505,256.394078967,73.74777483
Phim_NgauNhien_462,Giật gân,Mỹ,4,81561,3284079,284808467196,81941588384,944854,284.808467196,81.941588384
Phim_NgauNhien_463,Gia đình,Việt Nam,11,14227,354264,29133608568,10965844640,133344,29.133608568,10.96584464
Phim_NgauNhien_464,Tình cảm,Mỹ,11,20661,687858,65268782046,25778468897,271675,65.268782046,25.778468897
Phim_NgauNhien_465,Hài,Mỹ,11,29879,734747,56958322187,15993644844,206313,56.958322187,15.993644844
Phim_NgauNhien_466,Giật gân,Mỹ,3,75398,4385247,376306815564,75379155062,878422,376.306815564,75.379155062
Phim_NgauNhien_467,Hài,Thái Lan,1,14456,433710,35457527340,9296459675,113712,35.45752734,9.296459675
Phim_NgauNhien_468,Tình cảm,Nhật Bản,1,13352,81640,7808539440,1834821607,19183,7.80853944,1.834821607
Phim_NgauNhien_469,Giật gân,Mỹ,4,24774,1439162,124198241438,49382849448,572229,124.198241438,49.382849448
Phim_NgauNhien_470,Giật gân,Nhật Bản,12,18322,565187,46776571681,14270923106,172431,46.776571681,14.270923106
Phim_NgauNhien_471,Hài,Nhật Bản,10,16996,125649,10264895055,2694066433,32977,10.264895055,2.694066433
Phim_NgauNhien_472,Giật gân,Việt Nam,4,31176,987634,96979732996,27401839420,279058,96.979732996,27.40183942
Phim_NgauNhien_473,Viễn tưởng,Hàn Quốc,1,15244,202086,19590823098,6140433102,63340,19.590823098,6.140433102
Phim_NgauNhien_474,Hoạt hình,Nhật Bản,3,19313,462213,41412435948,15357569185,171409,41.412435948,15.357569185
Phim_NgauNhien_475,Hành động,Nhật Bản,1,5168,154821,14381787153,3116429971,33548,14.381787153,3.116429971
Phim_NgauNhien_476,Viễn tưởng,Nhật Bản,12,15327,340055,29292337700,6824029788,79220,29.2923377,6.824029788
Phim_NgauNhien_477,Hài,Việt Nam,4,35214,583819,55533447099,14712764101,154674,55.533447099,14.712764101
Phim_NgauNhien_478,Hoạt hình,Việt Nam,2,13971,449639,36423007195,10829271469,133686,36.423007195,10.829271469
Phim_NgauNhien_479,Tình cảm,Mỹ,10,26441,1499471,137332050477,40747673128,444906,137.332050477,40.747673128
Phim_NgauNhien_480,Giật gân,Mỹ,12,34932,1956523,160659886145,36172300623,440507,160.659886145,36.172300623
Phim_NgauNhien_481,Tình cảm,Mỹ,4,37405,1654894,136033941694,54199549480,659353,136.033941694,54.19954948
Phim_NgauNhien_482,Gia đình,Hàn Quốc,3,19087,340067,25668937294,5361664846,71032,25.668937294,5.361664846
Phim_NgauNhien_483,Giật gân,Mỹ,10,40808,2235891,201849531807,75901751454,840765,201.849531807,75.901751454
Phim_NgauNhien_484,Kinh dị,Việt Nam,8,8083,261662,22874753702,8004084409,91557,22.874753702,8.004084409
Phim_NgauNhien_485,Tình cảm,Mỹ,9,51705,2916440,217767658360,67884380979,909137,217.76765836,67.884380979
Phim_NgauNhien_486,Hài,Việt Nam,5,6207,113420,8002574940,1655670750,23465,8.00257494,1.65567075
Phim_NgauNhien_487,Hài,Việt Nam,9,27736,329522,31434092146,9222561457,96679,31.434092146,9.222561457
Phim_NgauNhien_488,Hài,Việt Nam,8,25538,991744,74994689536,15462969719,204485,74.994689536,15.462969719
Phim_NgauNhien_489,Kinh dị,Thái Lan,8,10894,83320,7199347920,2431774577,28143,7.19934792,2.431774577
Phim_NgauNhien_490,Kinh dị,Mỹ,11,47961,2462955,174608731770,57396603384,809611,174.60873177,57.396603384
Phim_NgauNhien_491,Hành động,Hàn Quốc,11,2628,15282,1188603396,463776070,5962,1.188603396,0.46377607
Phim_NgauNhien_492,Hoạt hình,Mỹ,6,68860,3789853,377677800715,106582825844,1069518,377.677800715,106.582825844
Phim_NgauNhien_493,Hoạt hình,Mỹ,9,43132,1156941,98187268788,32034726638,377465,98.187268788,32.034726638
Phim_NgauNhien_494,Kinh dị,Mỹ,12,40074,2693590,233574656850,50460535225,581912,233.57465685,50.460535225
Phim_NgauNhien_495,Viễn tưởng,Mỹ,12,76089,2201561,197041911061,45023901030,503054,197.041911061,45.02390103
Phim_NgauNhien_496,Kinh dị,Việt Nam,1,35060,520943,48537301196,19157259146,205611,48.537301196,19.157259146
Phim_NgauNhien_497,Hài,Việt Nam,5,14649,359892,28644164172,11328492621,142333,28.644164172,11.328492621
Phim_NgauNhien_498,Gia đình,Thái Lan,8,7592,151172,11931552444,3277005154,41519,11.931552444,3.277005154
Phim_NgauNhien_499,Hành động,Mỹ,11,66473,2167410,201122643540,79711071014,859011,201.12264354,79.711071014
